Seed,Cell viability HeyA8,STDEV (HeyA8),Cell viability M565,STDEV (M565)
AAAAAA,96.8488078594595,4.2217239420903,106.0358623606800,20.4230197722843
AAAAAC,95.6680622203534,5.3013746822513,91.8930248225328,5.8193066366829
AAAAAG,97.9319963756933,6.0401705265413,93.9661575184953,17.9752974987057
AAAAAU,103.1327043818420,4.2996109118340,103.9956655769220,20.8887162093558